<?xml version="1.0" encoding="UTF-8"?>
<packmetadata>
	<modifiedModules/>
	<department>开发部</department>
	<canAppliedOS>Linux,Windows,AIX,Solaris</canAppliedOS>
	<modifiedJavaClasses>nc.bs.pub.repay.rule.SaveCheckRule_36FF,nc.vo.cdm.repayreceiptbankcredit.AggRePayReceiptBankCreditVO,nc.bs.pub.repay.rule.InsertContractExecRule_36FF,nc.bs.pub.action.N_36FF_SAVEBASE,nc.ui.cdm.repayreceiptbankcredit.ace.handler.AceBodyAfterEditHandler,nc.bs.pub.action.N_36FF_UNAPPROVE,nc.vo.cdm.repayreceiptbankcredit.RePayRcptBankInfo,nc.vo.cdm.repayreceiptbankcredit.RePayReceiptBankCreditBVO,nc.ui.cdm.repayreceiptbankcredit.ace.handler.AceHeadTailAfterEditHandler,nc.bs.pub.repay.rule.ApproveUpdateUnAmountRule_36FF,nc.bs.pub.repay.rule.UnApproveUpdateUnAmountRule_36FF,nc.bs.pub.action.N_36FF_APPROVE,nc.bs.pub.repay.rule.CancelRePayOfAmountAndInterestRule_36FF,nc.vo.cdm.repayreceiptbankcredit.RePayReceiptBankCreditBillMeta,nc.ui.cdm.repayreceiptbankcredit.ace.view.RePayReceiptBankCredit_config,nc.ui.cdm.repayreceiptbankcredit.ace.handler.AceBodyBeforeEditHandler</modifiedJavaClasses>
	<applyVersion>5.0,5.01,5.011,5.02,5.3,5.5,5.6,5.7,5.75,6.0,6.1,6.3</applyVersion>
	<needRecreatedLoginJar>false</needRecreatedLoginJar>
	<provider>王如源</provider>
	<searchKeys/>
	<needDeploy>false</needDeploy>
	<patchType>BUG修复补丁</patchType>
	<canAppliedDB>DB2 V9.7,SQL Server 2008 R2,Oracle 10,Oracle 11</canAppliedDB>
	<id>279c3439-0a24-4693-98ff-234784afa64c</id>
	<time>2019-10-24 16:44:02</time>
	<dependInfo/>
	<bugs/>
	<patchVersion/>
	<description/>
	<canAppliedMiddleware>Weblogic,Websphere 7.0,Yonyou Middleware V5,Yonyou Middleware V6</canAppliedMiddleware>
	<patchName>patch_银行贷款合同还款新增担保信息页签_1024</patchName>
	<patchPriority>高危补丁</patchPriority>
</packmetadata>
